<?xml version="1.0"?>
<!DOCTYPE hibernate-mapping PUBLIC "-//Hibernate/Hibernate Mapping DTD 3.0//EN"
"http://hibernate.sourceforge.net/hibernate-mapping-3.0.dtd">
<!-- Generated Jan 10, 2017 11:41:06 AM by Hibernate Tools 3.3.0.GA -->
<hibernate-mapping>
    <class name="com.cms.bean.Contact" table="tbl_contacts">
        <id name="contactId" type="int">
            <column name="CONTACTID"/>
            <generator class="identity"/>
        </id>
        
        <discriminator column="CONTACT_TYPE" type="string"/>
        
        <property name="firstName" type="java.lang.String">
            <column name="FIRSTNAME" />
        </property>
        <property name="lastName" type="java.lang.String">
            <column name="LASTNAME" />
        </property>
        <property name="email" type="java.lang.String">
            <column name="EMAIL" unique="true"/>
        </property>
        <property name="dateOfBirth" type="java.sql.Date">
            <column name="DATEOFBIRTH" />
        </property>
        <component name="address">
        	<property name="city" column="city"></property>
        	<property name="country" column="country"></property>
        </component>
        
        <subclass name="com.cms.bean.Employee" discriminator-value="EMP">
        	<property name="designation" column="DESIG"></property>
        	<property name="employeeCode" column="EMP_CODE"></property>
        </subclass>
        
        <subclass name="com.cms.bean.Friend" discriminator-value="FRN">
        	<property name="petName" column="PET_NAME"></property>
        </subclass>
        
        <subclass name="com.cms.bean.Relative" discriminator-value="REL">
        	<property name="relation" column="RELATION"></property>
        </subclass>
        
    </class>
</hibernate-mapping>
