<?xml version="1.0"?>
<!DOCTYPE hibernate-mapping PUBLIC "-//Hibernate/Hibernate Mapping DTD 3.0//EN"
"http://hibernate.sourceforge.net/hibernate-mapping-3.0.dtd">
<!-- Generated Jan 12, 2017 3:34:20 PM by Hibernate Tools 3.3.0.GA -->
<hibernate-mapping>
    <class name="com.cms.bean.Account" table="tbl_accounts">
        <id name="accountId" type="int">
            <column name="ACCOUNTID" />
            <generator class="identity" />
        </id>
        <property name="balance" type="double">
            <column name="BALANCE" />
        </property>
        <many-to-one name="user" class="com.cms.bean.User">
            <column name="USERID" />
        </many-to-one>
    </class>
</hibernate-mapping>
