<?xml version="1.0"?>
<!DOCTYPE hibernate-mapping PUBLIC "-//Hibernate/Hibernate Mapping DTD 3.0//EN"
"http://hibernate.sourceforge.net/hibernate-mapping-3.0.dtd">
<!-- Generated Jan 12, 2017 3:34:20 PM by Hibernate Tools 3.3.0.GA -->
<hibernate-mapping>
    <class name="com.cms.bean.User" table="tbl_users">
        <id name="userId" type="int">
            <column name="USERID" />
            <generator class="identity" />
        </id>
        <property name="fullName" type="java.lang.String">
            <column name="FULLNAME" />
        </property>
        <set name="accounts" inverse="true" lazy="true" cascade="all">
            <key>
                <column name="USERID" />
            </key>
            <one-to-many class="com.cms.bean.Account" />
        </set>
    </class>
</hibernate-mapping>
