<?xml version="1.0"?>
<!DOCTYPE hibernate-mapping PUBLIC "-//Hibernate/Hibernate Mapping DTD 3.0//EN"
"http://hibernate.sourceforge.net/hibernate-mapping-3.0.dtd">
	<!-- Generated Jan 10, 2017 2:26:13 PM by Hibernate Tools 3.3.0.GA -->
<hibernate-mapping>
	<class name="com.cms.bean.Contact" table="tbl_contacts">
		<id name="contactId" type="int">
			<column name="CONTACTID" default="0" />
			<generator class="select">
				<param name="key">email</param>
			</generator>
		</id>
		<property name="firstName" type="java.lang.String">
			<column name="FIRSTNAME" />
		</property>
		<property name="lastName" type="java.lang.String">
			<column name="LASTNAME" />
		</property>
		<property name="email" type="java.lang.String">
			<column name="EMAIL" unique="true" />
		</property>
		<property name="dateOfBirth" type="java.sql.Date">
			<column name="DATEOFBIRTH" />
		</property>

		<component name="address">
			<property name="city" column="CITY" />
			<property name="country" column="COUNTRY" />
		</component>
		
		<many-to-one name="owner" class="com.cms.bean.User" column="USERID"/>
		<one-to-one name="profile" class="com.cms.bean.Profile" cascade="all"/>

	</class>

	<database-object>
		<create>CREATE TRIGGER gen_contact_pk BEFORE INSERT ON tbl_contacts
			FOR EACH ROW BEGIN
			SET @max_val = 0;
			SELECT COUNT(CONTACTID) INTO
			@max_val FROM tbl_contacts;
			SET NEW.CONTACTID = @max_val + 1;
			END;
		</create>
		<drop>DROP TRIGGER IF EXISTS gen_contact_pk;</drop>
	</database-object>

</hibernate-mapping>
