<?xml version="1.0"?>
<!DOCTYPE hibernate-mapping PUBLIC "-//Hibernate/Hibernate Mapping DTD 3.0//EN"
"http://hibernate.sourceforge.net/hibernate-mapping-3.0.dtd">
	<!-- Generated Jan 12, 2017 12:10:13 PM by Hibernate Tools 3.3.0.GA -->
<hibernate-mapping>
	<class name="com.cms.bean.Profile" table="tbl_profiles">
		<id name="profileId" type="int">
			<column name="PROFILEID" />
			<generator class="foreign">
				<param name="property">contact</param>
			</generator>
		</id>
		<property name="school" type="java.lang.String">
			<column name="SCHOOL" />
		</property>
		<property name="college" type="java.lang.String">
			<column name="COLLEGE" />
		</property>
		<one-to-one name="contact" class="com.cms.bean.Contact"></one-to-one>

		<set name="qualifications" table="tbl_profiles_qualifications"
			cascade="save-update" inverse="true">
			<key column="PROFILEID" />
			<many-to-many class="com.cms.bean.Qualification" column="QUALIFICATIONID" />
		</set>
	</class>
</hibernate-mapping>
