<?xml version="1.0"?>
<!DOCTYPE hibernate-mapping PUBLIC "-//Hibernate/Hibernate Mapping DTD 3.0//EN"
"http://hibernate.sourceforge.net/hibernate-mapping-3.0.dtd">
<!-- Generated Jan 12, 2017 12:41:16 PM by Hibernate Tools 3.3.0.GA -->
<hibernate-mapping>
    <class name="com.cms.bean.Qualification" table="tbl_qualifications">
        <id name="qualificationId" type="int">
            <column name="QUALIFICATIONID" />
            <generator class="identity" />
        </id>
        <property name="name" type="java.lang.String">
            <column name="NAME" />
        </property>
        <set name="profiles" table="tbl_profiles_qualifications" >
            <key>
                <column name="QUALIFICATIONID" />
            </key>
            <many-to-many class="com.cms.bean.Profile"  column="PROFILEID"/>
        </set>
    </class>
</hibernate-mapping>
