<?xml version="1.0"?>
<!DOCTYPE hibernate-mapping PUBLIC "-//Hibernate/Hibernate Mapping DTD 3.0//EN"
"http://hibernate.sourceforge.net/hibernate-mapping-3.0.dtd">
	<!-- Generated Jan 12, 2017 10:13:12 AM by Hibernate Tools 3.3.0.GA -->
<hibernate-mapping>
	<class name="com.cms.bean.User" table="tbl_users">
		<id name="userId" type="int">
			<column name="USERID" />
			<generator class="identity" />
		</id>
		<property name="username" type="java.lang.String">
			<column name="USERNAME" />
		</property>
		<set name="contacts" inverse="true" cascade="save-update,delete" lazy="true" batch-size="3">
		<!-- lazy="extra" extra lazy loading -->
		<!-- lazy="true" and fetch="join" in such a case lazy loading will be ignore and 
		collection would be eagerly loaded -->
		<!-- batch-size="3" : fetch contacts of 3 users at a time -->
			<key>
				<column name="USERID" />
			</key>
			<one-to-many class="com.cms.bean.Contact" />
		</set>
	</class>
</hibernate-mapping>
