<?xml version="1.0"?>
<!DOCTYPE hibernate-mapping PUBLIC "-//Hibernate/Hibernate Mapping DTD 3.0//EN"
"http://hibernate.sourceforge.net/hibernate-mapping-3.0.dtd">
<!-- Generated Jan 12, 2017 10:12:20 AM by Hibernate Tools 3.3.0.GA -->
<hibernate-mapping>
    <class name="com.cms.bean.User" table="tbl_users">
        <id name="userId" type="int">
            <column name="USERID" />
            <generator class="identity" />
        </id>
        <property name="useranme" type="java.lang.String">
            <column name="USERANME" />
        </property>
        <set name="contacts" inverse="true" cascade="save-update,delete"><!-- cascade="all" is allowed -->
            <key>
                <column name="USERID" />
            </key>
            <one-to-many class="com.cms.bean.Contact" />
        </set>
    </class>
</hibernate-mapping>
