<?xml version="1.0" encoding="UTF-8"?>
<!DOCTYPE hibernate-configuration PUBLIC
		"-//Hibernate/Hibernate Configuration DTD 3.0//EN"
		"http://hibernate.sourceforge.net/hibernate-configuration-3.0.dtd">
<hibernate-configuration>
    <session-factory>
        <property name="hibernate.connection.driver_class">com.mysql.jdbc.Driver</property>
        <property name="hibernate.connection.password">root</property>
        <property name="hibernate.connection.url">jdbc:mysql://localhost/cms</property>
        <property name="hibernate.connection.username">root</property>
        <property name="hibernate.dialect">org.hibernate.dialect.MySQLDialect</property>
    	<property name="hibernate.show_sql">true</property>
    	<property name="hibernate.format_sql">true</property>
    	<property name="hibernate.hbm2ddl.auto">create</property><!--when sessionfactory interfaces' close method is called, this will drop all the tables-->    	
    	<!--  other values for hbm2ddl.auto are create-drop, update -->
    	<mapping resource="com/cms/bean/Contact.hbm.xml"/>
    </session-factory>
</hibernate-configuration>
