<?xml version="1.0" encoding="UTF-8"?>
<!DOCTYPE hibernate-configuration PUBLIC
		"-//Hibernate/Hibernate Configuration DTD 3.0//EN"
		"http://hibernate.sourceforge.net/hibernate-configuration-3.0.dtd">
<hibernate-configuration>
	<session-factory>
		<property name="hibernate.connection.driver_class">com.mysql.jdbc.Driver</property>
		<property name="hibernate.connection.password">root</property>
		<property name="hibernate.connection.url">jdbc:mysql://localhost/cms</property>
		<property name="hibernate.connection.username">root</property>
		<property name="hibernate.dialect">org.hibernate.dialect.MySQLDialect</property>
		<property name="hibernate.show_sql">true</property>
		<property name="hibernate.format_sql">true</property>
		<!--<property name="hibernate.hbm2ddl.auto">create, create-drop, update, validate</property>-->
		<property name="hibernate.hbm2ddl.auto">create</property>
		
		<mapping resource="com/cms/bean/Contact.hbm.xml"/>
		<mapping resource="com/cms/bean/User.hbm.xml"/>
		<mapping resource="com/cms/bean/Profile.hbm.xml"/>
		<mapping resource="com/cms/bean/Qualification.hbm.xml"/>
	</session-factory>
</hibernate-configuration>
