<?xml version="1.0"?>
<!DOCTYPE hibernate-mapping PUBLIC "-//Hibernate/Hibernate Mapping DTD 3.0//EN"
"http://hibernate.sourceforge.net/hibernate-mapping-3.0.dtd">
<!-- Generated Jan 12, 2017 6:05:47 PM by Hibernate Tools 3.3.0.GA -->
<hibernate-mapping>
    <class name="com.ems.bean.Answer" table="tbl_answers">
        <id name="id" type="int">
            <column name="ANSWER_ID" />
            <generator class="increment" />
        </id>
        <property name="answerName" type="java.lang.String">
            <column name="ANSWERNAME" />
        </property>
        <property name="postedBy" type="java.lang.String">
            <column name="POSTEDBY" />
        </property>
    </class>
</hibernate-mapping>
