<?xml version="1.0"?>
<!DOCTYPE hibernate-mapping PUBLIC "-//Hibernate/Hibernate Mapping DTD 3.0//EN"
"http://hibernate.sourceforge.net/hibernate-mapping-3.0.dtd">
<!-- Generated Jan 12, 2017 6:05:47 PM by Hibernate Tools 3.3.0.GA -->
<hibernate-mapping>
    <class name="com.ems.bean.Question" table="tbl_questions">
        <id name="id" type="int">
            <column name="QUESTION_ID" />
            <generator class="increment" />
        </id>
        <property name="qName" type="java.lang.String" access="field">
            <column name="QNAME" />
        </property>
        <set name="answers" cascade="all">
            <key>
                <column name="QUESTION_ID" />
            </key>
            <one-to-many class="com.ems.bean.Answer" />
        </set>
    </class>
</hibernate-mapping>
